insert into theaters ("name", "columns", "rows") values ('Lotlux', 5, 8),
('Solowarm', 7, 6),
('Lotstring', 6, 8),
('Andalax', 7, 8);

insert into movies (movie_code, title, release_date, duration, description, legal_age, thumbnails, trailers) values (1, 'The Old Maid', '2018-09-05', 156, 'Encounter for attention to other artificial openings of digestive tract', 0, 'https://via.placeholder.com/150', 'https://www.youtube.com/watchv=u31qwQUeGuM'),
(2, 'Finding Joy', '2011-02-23', 167, 'Traumatic rupture of other ligament of left little finger at metacarpophalangeal and interphalangeal joint, initial encounter', 5, 'https://via.placeholder.com/150', 'https://www.youtube.com/watchv=u31qwQUeGuM'),
(3, 'America''s Heart and Soul', '2018-12-04', 53, 'Underdosing of unspecified topical agent, sequela', 1, 'https://via.placeholder.com/150', 'https://www.youtube.com/watchv=u31qwQUeGuM'),
(4, 'Punksters & Youngsters (Punk - Tauti joka ei tapa)', '2016-09-14', 156, 'Unspecified sprain of unspecified wrist, initial encounter', 2, 'https://via.placeholder.com/150', 'https://www.youtube.com/watcv=u31qwQUeGuM'),
(5, 'Suing the Devil', '2016-03-24', 76, 'Displaced trimalleolar fracture of left lower leg', 10, 'https://via.placeholder.com/150', 'https://www.youtube.com/watcv=u31qwQUeGuM'),
(6, 'Azumi 2: Death or Love', '2000-03-16', 45, 'External constriction of unspecified external genital organs, male, subsequent encounter', 12, 'https://via.placeholder.com/150', 'https://www.youtube.com/watchv=u31qwQUeGuM'),
(7, 'Brunet Will Call (Brunet wieczorowa pora)', '2016-12-02', 131, 'Contusion, laceration, and hemorrhage of cerebellum with loss of consciousness of 6 hours to 24 hours, initial encounter', 10, 'https://via.placeholder.com/150', 'https://www.youtube.com/watchv=u31qwQUeGuM'),
(8, 'Rebecca of Sunnybrook Farm', '2010-01-28', 154, 'Other superficial bite of left front wall of thorax, initial encounter', 5, 'https://via.placeholder.com/150', 'https://www.youtube.com/watcv=u31qwQUeGuM'),
(9, 'Sherlock Holmes: Terror by Night', '2004-03-25', 90, 'Chronic combined systolic (congestive) and diastolic (congestive) heart failure', 14, 'https://via.placeholder.com/150', 'https://www.youtube.com/watcv=u31qwQUeGuM'),
(10, 'Pirates of the Caribbean: Dead Man''s Chest', '2016-12-27', 91, 'Displaced avulsion fracture (chip fracture) of left talus, subsequent encounter for fracture with nonunion', 15, 'https://via.placeholder.com/150', 'https://www.youtube.com/watchv=u31qwQUeGuM');

insert into sessions (Movies_id, Theaters_id, session_code, language, date, starting_hour, duration) values (10, 3, '4343036707', 'vostfr', '2021-12-14', '16:48', 87),
(4, 1, '9466767313', 'vo', '2021-08-02', '15:15', 135),
(7, 2, '1890989266', 'vo', '2021-08-25', '21:00', 98),
(8, 3, '5117283112', 'vostfr', '2021-10-11', '14:12', 107),
(9, 3, '8749366637', 'vf', '2021-12-15', '16:57', 146),
(10, 4, '5750589358', 'vo', '2021-11-22', '14:24', 53),
(9, 4, '5775371585', 'vo', '2021-10-25', '18:56', 146),
(2, 3, '0331014149', 'vo', '2021-06-27', '18:49', 112),
(10, 1, '1774467844', 'vo', '2021-07-01', '13:29', 59),
(4, 2, '1807671801', 'vo', '2021-06-08', '13:53', 139);

insert into account_type (name) values ('personnel'),
('personnel'),
('personnel'),
('administrateur');

insert into people (Account_type_id, client_code, lastname, firstname, email, password, birthdate) values (1, 1, 'Midford', 'Irina', 'imidford0@dailymail.co.uk', 'Pa$$w0rd', '1994-08-20'),
(3, 2, 'Spaughton', 'Robbert', 'rspaughton1@ebay.co.uk', 'Pa$$w0rd', '2004-08-08'),
(2, 3, 'Faye', 'Richardo', 'rfaye2@mlb.com', 'Pa$$w0rd', '1963-05-12'),
(1, 4, 'Jeffery', 'Happy', 'hjeffery3@arstechnica.com', 'Pa$$w0rd', '1964-07-02'),
(2, 5, 'McCarthy', 'Sashenka', 'smccarthy4@skype.com', 'Pa$$w0rd', '2012-09-24'),
(1, 6, 'Ecclestone', 'Corrina', 'cecclestone5@biblegateway.com', 'Pa$$w0rd', '1992-10-16'),
(2, 7, 'Hugueville', 'Lenard', 'lhugueville6@acquirethisname.com', 'Pa$$w0rd', '1992-09-10'),
(2, 8, 'Digance', 'Imojean', 'idigance7@mapquest.com', 'Pa$$w0rd', '1967-09-03'),
(2, 9, 'Kos', 'Anthony', 'akos8@e-recht24.de', 'Pa$$w0rd', '2007-09-29'),
(3, 10, 'Gayforth', 'Sidney', 'sgayforth9@cnet.com', 'Pa$$w0rd', '1995-02-11'),
(3, 11, 'Greenrod', 'Udale', 'ugreenroda@netlog.com', 'Pa$$w0rd', '2004-09-09'),
(1, 12, 'Tite', 'Mathias', 'mtiteb@zimbio.com', 'Pa$$w0rd', '2005-02-02'),
(2, 13, 'Eckh', 'Staford', 'seckhc@bing.com', 'Pa$$w0rd', '1970-02-27'),
(2, 14, 'Mapholm', 'Ardyce', 'amapholmd@globo.com', 'Pa$$w0rd', '1987-09-20'),
(3, 15, 'Mattack', 'Amargo', 'amattacke@facebook.com', 'Pa$$w0rd', '1984-09-02'),
(2, 16, 'Tregidgo', 'Frederic', 'ftregidgof@fema.gov', 'Pa$$w0rd', '1989-08-10'),
(1, 17, 'Fernandes', 'Guendolen', 'gfernandesg@plala.or.jp', 'Pa$$w0rd', '1964-08-24'),
(2, 18, 'Henryson', 'Garrot', 'ghenrysonh@cornell.edu', 'Pa$$w0rd', '2001-02-07'),
(1, 19, 'Shanahan', 'Janis', 'jshanahani@t.co', 'Pa$$w0rd', '1995-03-21'),
(1, 20, 'Rospars', 'Codi', 'crosparsj@google.ca', 'Pa$$w0rd', '2007-10-06'),
(1, 21, 'Longina', 'Rhoda', 'rlonginak@addtoany.com', 'Pa$$w0rd', '2017-08-03'),
(3, 22, 'Spoole', 'Leonie', 'lspoolel@chron.com', 'Pa$$w0rd', '2010-07-10'),
(1, 23, 'Tape', 'Corabella', 'ctapem@eventbrite.com', 'Pa$$w0rd', '1973-09-21'),
(3, 24, 'Gimlet', 'Selma', 'sgimletn@statcounter.com', 'Pa$$w0rd', '1969-07-03'),
(3, 25, 'Gascard', 'Linzy', 'lgascardo@zdnet.com', 'Pa$$w0rd', '1981-08-23'),
(2, 26, 'Dobsons', 'Claudette', 'cdobsonsp@toplist.cz', 'Pa$$w0rd', '1960-07-13'),
(3, 27, 'Hynde', 'Andy', 'ahyndeq@joomla.org', 'Pa$$w0rd', '1974-11-03'),
(1, 28, 'Prydie', 'Loydie', 'lprydier@newsvine.com', 'Pa$$w0rd', '2016-06-13'),
(1, 29, 'McDaid', 'Kori', 'kmcdaids@hexun.com', 'Pa$$w0rd', '2008-02-02'),
(1, 30, 'Cusick', 'Maible', 'mcusickt@seattletimes.com', 'Pa$$w0rd', '1974-06-27'),
(1, 31, 'Tozer', 'Alexa', 'atozeru@illinois.edu', 'Pa$$w0rd', '1977-08-05'),
(2, 32, 'Worpole', 'Merrili', 'mworpolev@instagram.com', 'Pa$$w0rd', '1993-07-14'),
(2, 33, 'Mooring', 'Cherin', 'cmooringw@scientificamerican.com', 'Pa$$w0rd', '1961-08-12'),
(1, 34, 'Harriman', 'Heida', 'hharrimanx@google.co.uk', 'Pa$$w0rd', '2018-04-25'),
(1, 35, 'Bohling', 'Hoebart', 'hbohlingy@icq.com', 'Pa$$w0rd', '1973-08-27'),
(1, 36, 'Apfel', 'Vally', 'vapfelz@pbs.org', 'Pa$$w0rd', '2008-11-20'),
(3, 37, 'Davydkov', 'Phillie', 'pdavydkov10@comsenz.com', 'Pa$$w0rd', '1972-07-07'),
(1, 38, 'Bowshire', 'Dorey', 'dbowshire11@imdb.com', 'Pa$$w0rd', '2013-08-20'),
(1, 39, 'Hastewell', 'Torrance', 'thastewell12@skyrock.com', 'Pa$$w0rd', '2009-03-19'),
(2, 40, 'Erdely', 'Morty', 'merdely13@who.int', 'Pa$$w0rd', '2013-11-22');

insert into reservations (People_id, Sessions_id, reservation_code) values (18, 3, 1),
(10, 1, 2),
(14, 9, 3),
(20, 9, 4),
(3, 3, 5),
(29, 7, 6),
(24, 6, 7),
(31, 1, 8),
(25, 10, 9),
(36, 2, 10),
(36, 10, 11),
(7, 10, 12),
(38, 4, 13),
(24, 7, 14),
(23, 7, 15),
(32, 4, 16),
(15, 8, 17),
(24, 8, 18),
(28, 4, 19),
(3, 4, 20),
(25, 4, 21),
(10, 10, 22),
(19, 4, 23),
(19, 10, 24),
(37, 1, 25),
(11, 6, 26),
(39, 6, 27),
(2, 10, 28),
(14, 4, 29),
(18, 4, 30);

insert into seats (Reservation_id, Name) values 
(14, 'A1'),
(26, 'A2'),
(13, 'A3'),
(19, 'A4'),
(6, 'A5'),
(6, 'A6'),
(24, 'A7'),
(18, 'A8'),
(12, 'B1'),
(16, 'B2'),
(22, 'B3'),
(20, 'B4'),
(1, 'B5'),
(9, 'B6'),
(6, 'B7'),
(6, 'B8'),
(4, 'C1'),
(23, 'C2'),
(19, 'C3'),
(19, 'C4'),
(30, 'C5'),
(2, 'C6'),
(22, 'C7'),
(26, 'C8'),
(23, 'D1'),
(17, 'D2'),
(4, 'D3'),
(21, 'D4'),
(6, 'D5'),
(1, 'D6'),
(8, 'D7'),
(5, 'D8'),
(9, 'E1'),
(13, 'E2'),
(8, 'E3'),
(14, 'E4'),
(25, 'E5'),
(30, 'E6'),
(22, 'E7'),
(4, 'E8'),
(2, 'F1'),
(1, 'F2'),
(18, 'F3'),
(26, 'F4'),
(29, 'F5'),
(7, 'F6'),
(15, 'F7'),
(5, 'F8'),
(6, 'G1'),
(28, 'G2'),
(10, 'G3'),
(30, 'G4'),
(4, 'G5'),
(9, 'G6'),
(8, 'G7'),
(8, 'G8'),
(1, 'H1'),
(11, 'H2'),
(11, 'H3'),
(17, 'H4'),
(14, 'H5'),
(3, 'H6'),
(27, 'H7'),
(24, 'H8');